Emp ID,Name Prefix,First Name,Middle Initial,Last Name,Gender,E Mail,Date of Birth,Time of Birth,Age in Yrs.,Date of Joining,Age in Company (Years),Phone No,Place Name,County,City,Zip,Region,User Name
198429,Mrs.,Serafina,I,Bumgarner,F,serafina.bumgarner@exxonmobil.com,9/21/1982,01:53:14 AM,34.87,2/1/2008,9.49,212-376-9125,Clymer,Chautauqua,Clymer,14724,Northeast,sibumgarner
178566,Mrs.,Juliette,M,Rojo,F,juliette.rojo@yahoo.co.uk,5/8/1967,06:03:23 PM,50.26,6/4/2011,6.15,215-254-9594,Glenside,Montgomery,Glenside,19038,Northeast,jmrojo
647173,Mr.,Milan,F,Krawczyk,M,milan.krawczyk@hotmail.com,4/4/1980,07:07:22 AM,37.34,1/19/2012,5.53,240-748-4111,Gibson Island,Anne Arundel,Gibson Island,21056,South,mfkrawczyk
847634,Mr.,Elmer,R,Jason,M,elmer.jason@yahoo.com,4/9/1996,12:55:59 AM,21.32,5/28/2017,0.17,236-751-5963,Mendota,Washington,Mendota,24270,South,erjason
260736,Ms.,Zelda,P,Forest,F,zelda.forest@ibm.com,11/27/1959,08:49:14 PM,57.71,1/28/2014,3.5,212-268-4076,Schenectady,Schenectady,Schenectady,12306,Northeast,zpforest
811306,Mr.,Rhett,P,Wan,M,rhett.wan@hotmail.com,7/14/1976,12:06:19 AM,41.07,1/21/2009,8.52,209-984-3789,Selma,Fresno,Selma,93662,West,rpwan
956633,Mr.,Hal,H,Farrow,M,hal.farrow@cox.net,3/15/1967,02:45:15 AM,50.41,2/25/1991,26.44,209-550-0139,Modesto,Stanislaus,Modesto,95353,West,hhfarrow
629539,Dr.,Del,I,Fernandez,M,del.fernandez@hotmail.com,8/13/1991,09:37:47 PM,25.98,4/7/2016,1.31,216-900-3642,Kent,Portage,Kent,44243,Midwest,difernandez
784160,Dr.,Corey,A,Jackman,M,corey.jackman@gmail.com,4/12/1959,12:27:16 PM,58.33,6/29/1984,33.1,212-389-8573,Jamaica,Jamaica,Jamaica,11480,Northeast,cajackman
744723,Hon.,Bibi,H,Paddock,F,bibi.paddock@yahoo.co.in,10/20/1991,10:09:34 PM,25.79,11/2/2016,0.73,423-355-3751,Rickman,Overton,Rickman,38580,South,bhpaddock
423093,Mr.,Eric,O,Manning,M,eric.manning@yahoo.com,11/2/1980,08:48:01 PM,36.76,10/28/2002,14.76,319-913-5811,Clermont,Fayette,Clermont,52135,Midwest,eomanning
207808,Ms.,Renetta,T,Hafner,F,renetta.hafner@aol.com,1/29/1975,11:50:51 AM,42.52,8/22/1998,18.95,239-664-4998,Fort Lauderdale,Broward,Fort Lauderdale,33335,South,rthafner
338634,Ms.,Paz,T,Pearman,F,paz.pearman@gmail.com,2/28/1960,08:35:18 PM,57.45,5/25/1982,35.2,319-435-3438,Garnavillo,Clayton,Garnavillo,52049,Midwest,ptpearman
324573,Hon.,Ardath,Q,Forman,F,ardath.forman@gmail.com,11/12/1982,04:54:17 AM,34.73,10/16/2009,7.79,229-447-5924,Athens,Clarke,Athens,30602,South,aqforman
953724,Mrs.,Nanci,D,Osorio,F,nanci.osorio@hotmail.com,7/9/1982,12:02:26 PM,35.08,11/7/2003,13.73,603-298-3198,Lincoln,Grafton,Lincoln,3251,Northeast,ndosorio
138700,Ms.,Maricela,H,Simard,F,maricela.simard@gmail.com,7/21/1988,07:06:17 PM,29.04,9/25/2016,0.84,252-383-7726,Ingold,Sampson,Ingold,28446,South,mhsimard
644265,Ms.,Avelina,I,Stoner,F,avelina.stoner@exxonmobil.com,10/1/1988,12:15:44 PM,28.84,11/30/2010,6.66,215-329-1990,Salina,Westmoreland,Salina,15680,Northeast,aistoner
223871,Drs.,Christene,O,Mattison,F,christene.mattison@gmail.com,9/14/1990,09:43:32 AM,26.89,9/13/2015,1.87,314-561-9256,Alba,Jasper,Alba,64830,Midwest,comattison
807262,Mr.,Stefan,O,Maeda,M,stefan.maeda@yahoo.com,3/23/1990,09:14:56 AM,27.37,11/5/2011,5.73,225-889-6869,Slidell,St. Tammany,Slidell,70461,South,somaeda
368234,Drs.,Gillian,T,Winter,F,gillian.winter@gmail.com,1/17/1960,02:25:49 PM,57.57,11/28/1984,32.68,505-325-2023,Alamogordo,Otero,Alamogordo,88310,West,gtwinter
807442,Hon.,Ed,E,Ferrari,M,ed.ferrari@gmail.com,9/27/1981,07:31:47 AM,35.86,2/15/2015,2.45,210-319-0049,Gardendale,Ector,Gardendale,79758,South,eeferrari
956778,Ms.,Jewell,L,Thies,F,jewell.thies@aol.com,2/16/1991,11:29:52 AM,26.46,4/28/2017,0.25,405-727-5191,Oklahoma City,Oklahoma City,Oklahoma City,73100,South,jlthies
496781,Dr.,Jonathan,Z,Rosa,M,jonathan.rosa@gmail.com,2/19/1981,05:51:15 AM,36.46,7/23/2010,7.02,236-696-3896,Falls Church,Fairfax,Falls Church,22047,South,jzrosa
301629,Mr.,Ruben,L,Weissman,M,ruben.weissman@gmail.com,12/28/1995,11:07:05 PM,21.6,1/3/2017,0.56,201-979-0583,Elmwood Park,Bergen,Elmwood Park,7407,Northeast,rlweissman
668065,Mrs.,Deja,H,Niemeyer,F,deja.niemeyer@gmail.com,9/4/1961,04:37:10 AM,55.93,6/5/2012,5.15,210-777-5935,Evadale,Jasper,Evadale,77615,South,dhniemeyer
836931,Ms.,Selene,S,Ford,F,selene.ford@aol.com,3/23/1992,12:38:12 AM,25.36,10/7/2013,3.81,203-799-7675,Hartford,Hartford,Hartford,6101,Northeast,ssford
914698,Ms.,Janeen,M,Norman,F,janeen.norman@gmail.com,1/28/1989,06:35:10 PM,28.52,1/5/2012,5.56,803-953-3848,Columbia,Richland,Columbia,29224,South,jmnorman
872750,Mr.,Johnnie,J,Ibarra,M,johnnie.ibarra@aol.com,1/10/1972,06:04:09 PM,45.58,4/14/2013,4.29,209-862-8601,San Diego,San Diego,San Diego,92142,West,jjibarra
813428,Mr.,Emerson,L,Sands,M,emerson.sands@gmail.com,7/8/1978,10:18:04 PM,39.08,1/1/2015,2.57,231-399-0470,Dowagiac,Cass,Dowagiac,49047,Midwest,elsands
380228,Mr.,Oswaldo,V,Dodd,M,oswaldo.dodd@gmail.com,11/24/1975,03:24:57 AM,41.7,11/14/1998,18.72,229-954-3152,Harrison,Washington,Harrison,31035,South,ovdodd
791100,Ms.,Leone,Y,Buss,F,leone.buss@yahoo.co.uk,1/31/1968,02:26:33 AM,49.52,12/31/1996,20.59,207-521-8795,Bryant Pond,Oxford,Bryant Pond,4219,Northeast,lybuss
613551,Mr.,Jay,Y,Shields,M,jay.shields@gmail.com,3/11/1981,10:08:11 AM,36.41,8/26/2013,3.92,303-815-3774,Denver,Jefferson,Denver,80215,West,jyshields
147663,Mr.,Douglass,E,Corrigan,M,douglass.corrigan@rediffmail.com,3/17/1973,12:29:13 AM,44.39,2/19/2015,ad,217-809-6973,Saint Charles,Kane,Saint Charles,60174,Midwest,decorrigan
707600,Ms.,Sherita,M,Baugh,F,sherita.baugh@gmail.com,4/20/1995,08:26:21 AM,22.29,8/17/2016,0.95,319-796-0569,Wheatland,Clinton,Wheatland,ddd,Midwest,smbaugh
596529,Ms.,Lana,N,Arbuckle,F,lana.arbuckle@shaw.ca,10/22/1967,12:59:41 AM,49.8,11/11/1996,20.72,405-584-3309,Oklahoma City,Oklahoma,Oklahoma City,73119,South,lnarbuckle
834635,Hon.,Deloise,T,Oyler,F,deloise.oyler@yahoo.com,9/4/1963,09:46:27 AM,53.93,1/6/2015,2.56,216-204-6295,Newbury,Geauga,Newbury,44065,Midwest,dtoyler
794524,Mr.,Armand,O,Fortenberry,M,armand.fortenberry@sbcglobal.net,1/20/1992,11:03:23 AM,25.54,2/17/2017,0.44,212-853-1265,Windham,Greene,Windham,12496,Northeast,aofortenberry
392234,Dr.,Monty,D,Hail,M,monty.hail@gmail.com,6/21/1960,12:35:06 AM,57.14,10/30/1983,33.77,339-255-1370,Springfield,Hampden,Springfield,1138,Northeast,mdhail
444753,Ms.,Judith,G,Owen,F,judith.owen@gmail.com,2/14/1958,10:47:50 PM,59.49,5/17/1982,35.22,207-252-4459,Biddeford,York,Biddeford,4007,Northeast,jgowen
361359,Hon.,Laureen,Q,Lambert,F,laureen.lambert@exxonmobil.com,2/23/1960,02:59:34 AM,57.47,7/31/2007,10,217-920-8861,Chicago,Cook,Chicago,60678,Midwest,lqlambert
777936,Ms.,Nila,W,Traylor,F,nila.traylor@yahoo.com,5/6/1972,09:59:03 AM,45.26,4/23/1998,19.28,212-404-1666,Rochester,Monroe,Rochester,14608,Northeast,nwtraylor
529020,Dr.,Bernard,P,Bradshaw,M,bernard.bradshaw@yahoo.co.uk,8/18/1969,11:55:11 AM,47.98,3/31/2002,15.34,240-682-9499,Greenbelt,Prince George's,Greenbelt,20770,South,bpbradshaw
884439,Mrs.,Micheal,A,Sarmiento,F,micheal.sarmiento@aol.com,7/17/1965,04:08:59 AM,52.07,3/21/1991,26.37,314-960-1816,Bonne Terre,St. Francois,Bonne Terre,63628,Midwest,masarmiento
269950,Mr.,Seth,B,Bilodeau,M,seth.bilodeau@bellsouth.net,5/5/1975,06:33:01 PM,42.26,7/6/2002,15.07,231-279-6667,Lake Ann,Benzie,Lake Ann,49650,Midwest,sbbilodeau
258110,Ms.,Tai,O,Saavedra,F,tai.saavedra@hotmail.com,9/15/1995,09:44:17 AM,21.88,9/15/2016,0.87,215-358-8995,Westmoreland City,Westmoreland,Westmoreland City,15692,Northeast,tosaavedra
248437,Ms.,Tamra,A,Alessi,F,tamra.alessi@outlook.com,11/19/1977,12:01:01 AM,39.72,11/8/2004,12.73,385-958-1406,Helper,Carbon,Helper,84526,West,taalessi
357480,Ms.,Shenika,R,Crittenden,F,shenika.crittenden@walmart.com,10/9/1975,01:07:53 AM,41.83,5/27/1998,19.18,225-868-7449,Powhatan,Natchitoches,Powhatan,71066,South,srcrittenden
845835,Dr.,Bernard,Q,Fessler,M,bernard.fessler@hotmail.co.uk,7/31/1958,05:21:47 AM,59.03,4/17/1980,37.3,219-322-7409,South Milford,LaGrange,South Milford,46786,Midwest,bqfessler
878763,Mr.,Ernest,N,Chasse,M,ernest.chasse@gmail.com,10/11/1995,08:49:57 AM,21.81,7/16/2017,0.03,303-439-6575,Littleton,Douglas,Littleton,80124,West,enchasse
452667,Mr.,Jeffery,D,Girard,M,jeffery.girard@outlook.com,8/13/1972,10:33:47 PM,44.99,6/17/1998,19.13,603-385-6031,Freedom,Carroll,Freedom,3836,Northeast,jdgirard
879556,Prof.,Christoper,I,Moye,M,christoper.moye@aol.com,3/6/1992,10:45:26 AM,25.41,8/24/2013,3.93,319-859-5930,Oakville,Louisa,Oakville,52646,Midwest,cimoye
ok,Mr.,Kelley,Z,Greening,M,kelley.greening@rediffmail.com,2/26/1979,01:05:28 AM,38.44,6/22/2001,16.11,215-615-1281,Gifford,McKean,Gifford,16732,Northeast,kzgreening
892120,Mrs.,Ernestine,U,Beall,F,ernestine.beall@aol.com,7/28/1972,11:43:08 AM,45.03,11/20/2005,11.69,215-994-0226,Doylesburg,Franklin,Doylesburg,17219,Northeast,eubeall
662814,Mr.,Archie,R,Folse,M,archie.folse@outlook.com,12/20/1992,12:04:02 PM,24.62,1/2/2016,1.57,209-591-4822,Strathmore,Tulare,Strathmore,93267,West,arfolse
609576,Prof.,Ronny,C,Legault,M,ronny.legault@gmail.com,4/30/1977,01:30:07 AM,40.27,5/2/2010,7.24,314-345-4329,Bates City,Lafayette,Bates City,64011,Midwest,rclegault
492759,Dr.,Eloy,V,Brune,M,eloy.brune@aol.com,12/28/1972,12:12:23 AM,44.61,2/6/2015,2.47,229-549-0978,Damascus,Damascus,Damascus,39841,South,evbrune
283912,Hon.,Melani,A,Ruelas,F,melani.ruelas@gmail.com,1/4/1973,05:55:46 PM,44.59,8/15/2007,9.96,803-594-8265,Johns Island,Charleston,Johns Island,29457,South,maruelas
532795,Mr.,Carlo,B,Shotwell,M,carlo.shotwell@gmail.com,6/11/1993,04:01:35 PM,24.15,9/23/2015,1.85,212-431-1725,New York City,New York,New York City,10112,Northeast,cbshotwell
863566,Prof.,Roland,Z,Antonio,M,roland.antonio@hotmail.com,5/28/1989,10:01:54 PM,28.19,1/8/2015,2.55,209-559-2215,Brea,Brea,Brea,92622,West,rzantonio
361215,Mrs.,Lisa,G,Wick,F,lisa.wick@gmail.com,12/25/1995,07:03:09 AM,21.61,5/17/2017,0.2,423-540-1697,Memphis,Memphis,Memphis,37544,South,lgwick
787265,Prof.,Frankie,S,Owings,M,frankie.owings@yahoo.co.in,6/15/1993,02:17:38 AM,24.13,5/10/2017,0.22,314-538-1516,Sturgeon,Boone,Sturgeon,65284,Midwest,fsowings
696561,Mr.,Joe,K,Gowan,M,joe.gowan@comcast.net,4/20/1980,08:04:37 PM,37.3,9/6/2013,3.89,236-683-3184,Blackstone,Blackstone,Blackstone,23825,South,jkgowan
906336,Ms.,Melisa,Z,Lomas,F,melisa.lomas@msn.com,10/29/1967,12:11:11 AM,49.78,5/25/1998,19.19,205-562-1660,Mobile,Mobile,Mobile,36631,South,mzlomas
630690,Drs.,Jerilyn,J,Decker,F,jerilyn.decker@yahoo.com,8/26/1970,11:20:24 PM,46.95,4/15/2014,3.29,216-629-1132,West Farmington,Trumbull,West Farmington,44491,Midwest,jjdecker
785482,Mr.,Geoffrey,J,Lemmons,M,geoffrey.lemmons@gmail.com,3/25/1960,07:46:27 PM,57.38,3/15/2008,9.38,339-946-3297,West Barnstable,Barnstable,West Barnstable,2668,Northeast,gjlemmons
281990,Drs.,Karima,S,Walz,F,karima.walz@sbcglobal.net,1/29/1992,11:41:59 AM,25.51,9/17/2013,3.86,205-251-8144,Linden,Marengo,Linden,36748,South,kswalz
965373,Hon.,Trey,M,Joshua,M,trey.joshua@hotmail.com,8/9/1986,01:12:11 AM,30.99,7/8/2012,5.06,239-338-7233,Opa Locka,Miami-Dade,Opa Locka,33055,South,tmjoshua
674284,Mrs.,Kina,B,Mcvay,F,kina.mcvay@hotmail.com,6/20/1978,12:45:43 PM,39.13,8/4/2012,4.98,304-882-9478,Huntington,Cabell,Huntington,25708,South,kbmcvay
214814,Dr.,Sherman,C,Coward,M,sherman.coward@gmail.com,12/25/1982,09:06:20 PM,34.61,12/19/2004,12.61,304-268-9429,Delbarton,Mingo,Delbarton,25670,South,sccoward
869212,Mr.,Refugio,G,Bechtold,M,refugio.bechtold@gmail.com,3/4/1963,10:50:53 PM,54.44,11/22/1987,29.7,210-262-8051,Gilmer,Upshur,Gilmer,75644,South,rgbechtold
133611,Dr.,Felix,W,Imhoff,M,felix.imhoff@charter.net,1/9/1962,12:13:26 AM,55.59,6/3/1985,32.17,205-298-6005,Needham,Choctaw,Needham,36915,South,fwimhoff
602077,Dr.,Sammie,D,Irick,M,sammie.irick@charter.net,7/16/1967,01:56:55 PM,50.07,7/12/2009,8.05,217-690-9432,Philo,Champaign,Philo,61864,Midwest,sdirick
356131,Hon.,Dominick,I,Yager,M,dominick.yager@aol.com,5/20/1984,09:02:29 PM,33.21,12/18/2009,7.61,262-374-8234,Elroy,Juneau,Elroy,53929,Midwest,diyager
893395,Ms.,Tatiana,I,Badillo,F,tatiana.badillo@walmart.com,3/10/1977,05:08:42 AM,40.41,4/23/2012,5.27,209-371-6850,Farmington,San Joaquin,Farmington,95230,West,tibadillo
716662,Mr.,Ted,M,Baggett,M,ted.baggett@yahoo.ca,12/6/1983,01:00:35 AM,33.67,2/2/2013,4.48,229-575-7546,Hillsboro,Jasper,Hillsboro,31038,South,tmbaggett
663907,Mr.,Alec,Q,Odaniel,M,alec.odaniel@sbcglobal.net,12/17/1966,08:34:32 AM,50.65,9/20/1991,25.87,405-469-6189,Leflore,Le Flore,Leflore,74942,South,aqodaniel
293254,Mrs.,Gricelda,U,Hower,F,gricelda.hower@microsoft.com,6/19/1992,02:41:05 AM,25.12,7/18/2017,0.03,423-362-0530,Flag Pond,Unicoi,Flag Pond,37657,South,guhower
936407,Mr.,Hung,H,Ontiveros,M,hung.ontiveros@hotmail.com,8/14/1974,03:06:06 PM,42.98,4/4/1997,20.33,217-955-0988,Eleroy,Stephenson,Eleroy,61027,Midwest,hhontiveros
357807,Hon.,Noe,V,Stanger,M,noe.stanger@verizon.net,6/9/1984,07:56:26 PM,33.16,12/6/2016,0.64,236-530-3927,The Plains,The Plains,The Plains,22171,South,nvstanger
874367,Mr.,Omar,J,Chadwick,M,omar.chadwick@ntlworld.com,5/23/1989,03:55:32 PM,28.2,9/18/2013,3.86,339-360-7443,Lynnfield,Essex,Lynnfield,1940,Northeast,ojchadwick
704625,Ms.,Adena,W,Engram,F,adena.engram@gmail.com,3/26/1965,05:03:29 PM,52.38,10/16/2006,10.79,270-855-9637,Hyden,Leslie,Hyden,41749,South,awengram
351818,Ms.,Vickie,P,Reimer,F,vickie.reimer@comcast.net,3/16/1967,06:40:24 PM,50.4,3/4/2010,7.41,303-619-9407,Littleton,Arapahoe,Littleton,80161,West,vpreimer
385228,Mrs.,Keshia,R,Clyburn,F,keshia.clyburn@yahoo.co.uk,4/12/1991,02:13:16 PM,26.31,1/23/2014,3.51,423-847-9717,Arnold Afb,Coffee,Arnold Afb,37389,South,krclyburn
860032,Prof.,Rueben,T,Peloquin,M,rueben.peloquin@gmail.com,7/29/1972,06:26:17 PM,45.03,2/22/1994,23.44,206-229-3390,Underwood,Skamania,Underwood,98651,West,rtpeloquin
766077,Drs.,Tangela,A,Woody,F,tangela.woody@ntlworld.com,1/12/1966,08:58:35 AM,51.58,4/2/2017,0.32,217-399-1379,Elmhurst,DuPage,Elmhurst,60126,Midwest,tawoody
334344,Ms.,Erika,J,Mackinnon,F,erika.mackinnon@walmart.com,6/23/1979,12:04:10 PM,38.12,8/7/2006,10.98,210-392-3555,La Coste,Medina,La Coste,78039,South,ejmackinnon
159220,Mr.,Granville,A,Wortman,M,granville.wortman@gmail.com,5/17/1991,04:25:25 AM,26.22,1/26/2014,3.5,228-936-1989,Gallman,Copiah,Gallman,39077,South,gawortman
817786,Mr.,Elden,Z,Ordonez,M,elden.ordonez@gmail.com,9/22/1993,12:38:50 AM,23.86,10/4/2015,1.82,218-567-6725,Crosslake,Crow Wing,Crosslake,56442,Midwest,ezordonez
609177,Ms.,Rosaria,P,Buettner,F,rosaria.buettner@gmail.com,3/10/1988,11:13:35 PM,29.4,3/27/2009,8.34,215-967-4072,Jessup,Lackawanna,Jessup,18434,Northeast,rpbuettner
989292,Ms.,Mariela,A,Santoyo,F,mariela.santoyo@yahoo.com,4/15/1990,12:47:06 AM,27.3,6/29/2011,6.08,201-325-7376,Oak Ridge,Passaic,Oak Ridge,7438,Northeast,masantoyo
530532,Ms.,Peter,W,Mercer,F,peter.mercer@sbcglobal.net,4/24/1989,11:07:57 PM,28.28,9/29/2010,6.83,212-532-0310,Staten Island,Richmond,Staten Island,10306,Northeast,pwmercer
917607,Dr.,Odis,F,Theis,M,odis.theis@gmail.com,3/12/1977,04:22:23 AM,40.41,11/24/2013,3.68,209-991-2644,Harmony,San Luis Obispo,Harmony,93435,West,oftheis
446216,Dr.,Hector,Y,Knott,M,hector.knott@microsoft.com,6/23/1974,08:49:50 PM,43.13,1/14/2009,8.54,231-756-8538,Rochester,Oakland,Rochester,48309,Midwest,hyknott
402001,Ms.,Dorris,I,Vaught,F,dorris.vaught@gmail.com,4/16/1991,10:53:07 PM,26.3,2/22/2017,0.43,239-699-7316,Tampa,Hillsborough,Tampa,33663,South,divaught
409810,Ms.,Kris,H,Shotwell,F,kris.shotwell@hotmail.com,11/8/1987,02:00:51 PM,29.74,1/23/2016,1.51,219-295-6751,Webster,Wayne,Webster,47392,Midwest,khshotwell
927560,Mr.,Long,F,Hudspeth,M,long.hudspeth@gmail.com,10/15/1986,04:11:58 PM,30.81,1/22/2017,0.51,228-441-8841,Utica,Hinds,Utica,39175,South,lfhudspeth
806331,Mr.,Vincenzo,L,Whiteley,M,vincenzo.whiteley@hotmail.com,7/5/1992,07:40:03 PM,25.08,12/4/2013,3.65,229-389-8098,Tiger,Rabun,Tiger,30576,South,vlwhiteley
151735,Mr.,Reyes,N,Holmes,M,reyes.holmes@hotmail.com,6/4/1967,06:38:44 PM,50.18,12/20/2007,9.61,314-216-2321,Saint Louis,St. Louis (city),Saint Louis,63113,Midwest,rnholmes
670371,Mrs.,Deedra,X,Bosch,F,deedra.bosch@gmail.com,6/10/1968,12:59:13 AM,49.16,12/16/2004,12.62,209-810-5884,Madera,Madera,Madera,93636,West,dxbosch
949914,Drs.,Jaunita,F,Mcmorris,F,jaunita.mcmorris@gmail.com,6/10/1972,05:59:31 AM,45.16,7/29/1996,21.01,217-783-5514,Oak Brook,DuPage,Oak Brook,60523,Midwest,jfmcmorris
327161,Drs.,Kam,G,Hazel,F,kam.hazel@hotmail.com,5/29/1981,11:25:41 PM,36.19,7/10/2012,5.05,319-812-8571,Andrew,Jackson,Andrew,52030,Midwest,kghazel
381129,Drs.,Flavia,T,Kowalski,F,flavia.kowalski@hotmail.com,5/19/1994,08:11:38 PM,23.21,6/29/2017,0.08,252-905-3835,Durham,Durham,Durham,27708,South,ftkowalski
273207,Mr.,Mike,L,Rohr,M,mike.rohr@gmail.com,8/24/1988,10:47:53 AM,28.95,1/23/2012,5.52,206-285-4778,Sprague,Lincoln,Sprague,99032,West,mlrohr
601692,Mr.,Bret,A,Beall,M,bret.beall@hotmail.com,7/24/1984,05:01:03 PM,33.03,4/28/2017,0.25,219-608-5355,Tennyson,Warrick,Tennyson,47637,Midwest,babeall
879855,Mrs.,Adrian,Y,Rayborn,F,adrian.rayborn@gmail.com,2/28/1966,05:36:41 AM,51.45,10/26/2013,3.76,423-999-8278,Red Boiling Springs,Macon,Red Boiling Springs,37150,South,ayrayborn
421181,Mrs.,Sidney,X,Lindstrom,F,sidney.lindstrom@cox.net,3/29/1985,12:39:35 AM,32.35,6/8/2017,0.14,314-820-5803,Vandalia,Audrain,Vandalia,63382,Midwest,sxlindstrom
614206,Hon.,Mitchel,T,Ness,M,mitchel.ness@hotmail.co.uk,10/18/1967,03:38:10 AM,49.81,10/4/2011,5.82,219-557-3004,Kimmell,Noble,Kimmell,46760,Midwest,mtness
195233,Mr.,Carlton,D,Jalbert,M,carlton.jalbert@shaw.ca,9/8/1959,05:58:09 AM,57.93,2/5/2013,4.48,212-532-3562,New Berlin,Chenango,New Berlin,13411,Northeast,cdjalbert
471845,Ms.,Jeanett,N,Darden,F,jeanett.darden@gmail.com,3/9/1960,08:54:19 PM,57.42,6/17/1988,29.13,252-345-8040,Charlotte,Mecklenburg,Charlotte,28261,South,jndarden
527371,Ms.,Kenya,J,Irizarry,F,kenya.irizarry@hotmail.co.uk,10/23/1982,05:29:31 AM,34.79,11/13/2016,0.7,701-539-4671,Denhoff,Sheridan,Denhoff,58430,Midwest,kjirizarry
3158170,Mrs.,Marti,W,Brewton,F,marti.brewton@gmail.com,4/16/1979,07:11:55 PM,38.31,6/22/2015,2.1,216-684-2632,Nashville,Holmes,Nashville,44661,Midwest,mwbrewton
363186,Mrs.,Lynsey,Q,Hairston,F,lynsey.hairston@walmart.com,10/21/1973,12:26:44 PM,43.8,9/23/2005,11.85,480-396-7828,Claypool,Gila,Claypool,85532,West,lqhairston
594072,Ms.,Lauran,V,Paradise,F,lauran.paradise@verizon.net,10/25/1984,10:53:25 PM,32.78,8/24/2011,5.93,209-675-1177,Glendora,Los Angeles,Glendora,91740,West,lvparadise
282436,Prof.,Darin,J,Deegan,M,darin.deegan@hotmail.com,3/18/1984,03:56:53 PM,33.38,3/24/2012,5.35,212-666-9385,Glenham,Dutchess,Glenham,12527,Northeast,djdeegan
907609,Dr.,Ervin,J,Wescott,M,ervin.wescott@ibm.com,4/16/1958,10:53:49 AM,59.32,9/27/1980,36.86,304-752-8232,Ovapa,Clay,Ovapa,25150,South,ejwescott
127957,Ms.,Nelia,T,Lopez,F,nelia.lopez@gmail.com,1/9/1989,02:34:00 PM,28.57,7/9/2011,6.06,270-967-8350,Louisville,Jefferson,Louisville,40290,South,ntlopez
457092,Hon.,Forrest,V,Wille,M,forrest.wille@gmail.com,11/12/1971,08:45:44 PM,45.74,7/18/2005,12.04,304-234-3508,Superior,Superior,Superior,24886,South,fvwille
776926,Dr.,Hans,L,Haggard,M,hans.haggard@gmail.com,5/20/1960,03:50:15 PM,57.23,6/12/2002,15.14,228-728-1390,Algoma,Pontotoc,Algoma,38820,South,hlhaggard
284601,Mr.,Felton,B,Tooley,M,felton.tooley@aol.com,1/14/1994,06:19:59 PM,23.55,5/4/2017,0.23,228-870-6874,Terry,Hinds,Terry,39170,South,fbtooley
526711,Mrs.,Kathryn,C,Katz,F,kathryn.katz@gmail.com,12/26/1989,09:02:41 AM,27.61,9/22/2015,1.85,605-935-7823,Houghton,Brown,Houghton,57449,Midwest,kckatz
338304,Prof.,Filiberto,P,Mccaffrey,M,filiberto.mccaffrey@yahoo.com,12/24/1977,07:31:42 AM,39.62,3/27/2006,11.35,216-495-3355,Columbus,Franklin,Columbus,43299,Midwest,fpmccaffrey
789756,Mr.,Javier,A,Avelar,M,javier.avelar@yahoo.co.in,7/1/1992,04:45:13 PM,25.09,6/24/2014,3.1,339-380-4630,Northampton,Hampshire,Northampton,1061,Northeast,jaavelar
610043,Mr.,Josue,Y,Engstrom,M,josue.engstrom@gmail.com,7/28/1959,11:04:39 AM,58.04,9/23/2008,8.85,405-873-8130,Langston,Logan,Langston,73050,South,jyengstrom
458590,Hon.,Diego,X,Coombs,M,diego.coombs@yahoo.com,5/19/1964,07:08:33 AM,53.23,2/1/2001,16.5,262-216-1443,Holmen,La Crosse,Holmen,54636,Midwest,dxcoombs
706947,Hon.,Elden,E,Nadeau,M,elden.nadeau@gmail.com,4/22/1970,12:21:15 AM,47.3,6/9/1995,22.15,209-955-1537,Chico,Butte,Chico,95928,West,eenadeau
302101,Hon.,Stefania,M,Sublett,F,stefania.sublett@ibm.com,8/19/1979,01:11:26 PM,37.97,7/13/2014,3.04,314-801-5551,Kansas City,Jackson,Kansas City,64124,Midwest,smsublett
440411,Drs.,Nydia,D,Flake,F,nydia.flake@hotmail.com,12/18/1959,12:36:21 AM,57.65,4/8/1981,36.33,205-421-4069,East Tallassee,Tallapoosa,East Tallassee,36023,South,ndflake
754161,Mrs.,Mariko,R,Colombo,F,mariko.colombo@hotmail.com,5/26/1961,12:15:06 AM,56.21,1/20/1990,27.54,314-252-6903,Cedarcreek,Taney,Cedarcreek,65627,Midwest,mrcolombo
682431,Mr.,Luigi,Y,Gutshall,M,luigi.gutshall@apple.com,11/10/1962,07:10:06 AM,54.75,10/11/1991,25.81,219-837-1376,Sullivan,Sullivan,Sullivan,47882,Midwest,lygutshall
677948,Mrs.,Dora,I,Trantham,F,dora.trantham@aol.com,1/23/1970,10:09:04 PM,47.54,8/9/1993,23.98,228-693-3100,Shuqualak,Noxubee,Shuqualak,39361,South,ditrantham
405969,Mrs.,Lyn,O,Hayman,F,lyn.hayman@aol.com,1/16/1962,09:34:07 AM,55.57,5/16/2007,10.21,262-599-9261,Sun Prairie,Dane,Sun Prairie,53591,Midwest,lohayman
4670800,Mr.,Dane,Y,Lomeli,M,dane.lomeli@gmail.com,4/24/1994,03:33:34 PM,23.28,3/7/2016,1.39,218-907-4400,Roseau,Roseau,Roseau,56751,Midwest,dylomeli
270454,Mr.,Collin,A,Hart,M,collin.hart@gmail.com,2/6/1958,12:30:02 PM,59.51,1/13/2015,2.54,503-387-8689,Scotts Mills,Marion,Scotts Mills,97375,West,cahart
622430,Mr.,David,P,Krohn,M,david.krohn@hotmail.com,11/21/1985,12:58:18 AM,31.7,3/11/2016,1.38,216-785-8719,Plymouth,Richland,Plymouth,44865,Midwest,dpkrohn
224652,Mr.,Theron,G,Nugent,M,theron.nugent@outlook.com,10/14/1969,08:13:02 AM,47.82,11/30/1991,25.68,480-515-0778,Tucson,Pima,Tucson,85739,West,tgnugent
499094,Dr.,Harry,K,Helmick,M,harry.helmick@btinternet.com,12/26/1981,12:52:10 AM,35.61,11/1/2013,3.74,215-274-6629,Coaldale,Schuylkill,Coaldale,18218,Northeast,hkhelmick
154664,Ms.,Kemberly,F,Steed,F,kemberly.steed@gmail.com,5/27/1966,10:37:44 PM,51.21,3/28/2016,1.33,605-579-1801,Warner,Brown,Warner,57479,Midwest,kfsteed
362378,Drs.,Teresita,R,Virgil,F,teresita.virgil@hotmail.co.uk,7/22/1964,12:19:18 PM,53.05,3/26/2000,17.35,239-731-6357,Orlando,Orange,Orlando,32889,South,trvirgil
382626,Mr.,Martin,O,Groth,M,martin.groth@comcast.net,11/9/1965,12:13:05 AM,51.75,3/9/2013,4.39,215-806-8188,Shenandoah,Schuylkill,Shenandoah,17976,Northeast,mogroth
336151,Hon.,Mandie,F,Lemmons,F,mandie.lemmons@shell.com,4/6/1963,09:51:34 AM,54.35,9/29/2010,6.83,319-369-8786,Le Mars,Plymouth,Le Mars,51031,Midwest,mflemmons
821660,Mr.,Gaston,U,Madden,M,gaston.madden@microsoft.com,7/24/1986,09:52:35 AM,31.03,7/1/2016,1.07,210-409-1528,Lumberton,Lumberton,Lumberton,77711,South,gumadden
715775,Mr.,Chung,C,Destefano,M,chung.destefano@aol.com,3/23/1973,12:32:14 AM,44.38,8/29/1998,18.93,210-309-2457,Weatherford,Parker,Weatherford,76087,South,ccdestefano
481509,Mr.,Garland,C,Carter,M,garland.carter@gmail.com,1/25/1970,03:36:10 AM,47.54,4/30/1994,23.26,219-531-3563,Zionsville,Boone,Zionsville,46077,Midwest,gccarter
340069,Mr.,Edmund,P,Otto,M,edmund.otto@bp.com,7/16/1960,06:28:36 AM,57.07,12/20/1992,24.62,201-232-8565,Normandy Beach,Ocean,Normandy Beach,8739,Northeast,epotto
130437,Ms.,Lia,Z,Meehan,F,lia.meehan@gmail.com,4/28/1986,09:18:51 AM,31.27,10/13/2014,2.79,803-600-1193,Greenwood,Greenwood,Greenwood,29647,South,lzmeehan
605633,Mr.,Jesse,V,Kenny,M,jesse.kenny@yahoo.co.uk,5/28/1994,07:09:41 AM,23.18,5/20/2017,0.19,210-423-5964,Rocksprings,Edwards,Rocksprings,78880,South,jvkenny
474478,Mr.,Mohamed,E,Mingo,M,mohamed.mingo@cox.net,11/29/1980,01:56:24 PM,36.68,1/23/2009,8.52,212-575-1473,Grand Island,Erie,Grand Island,14072,Northeast,memingo
706864,Prof.,Cleo,P,Cortes,M,cleo.cortes@aol.com,4/16/1960,01:35:19 PM,57.32,3/24/2012,5.35,270-929-6163,Pittsburg,Laurel,Pittsburg,40755,South,cpcortes
881831,Hon.,Taneka,I,Wheat,F,taneka.wheat@hotmail.com,10/30/1960,05:30:11 PM,56.78,10/20/1993,23.79,206-698-6615,Spokane,Spokane,Spokane,99228,West,tiwheat
129446,Ms.,Ninfa,U,Elliott,F,ninfa.elliott@aol.com,6/2/1984,03:43:15 AM,33.18,4/27/2011,6.26,316-301-8325,Arma,Crawford,Arma,66712,Midwest,nuelliott
346832,Mrs.,Elease,M,Gaitan,F,elease.gaitan@walmart.com,1/24/1995,07:57:39 PM,22.52,12/26/2016,0.59,314-947-8987,De Kalb,Buchanan,De Kalb,64440,Midwest,emgaitan
647312,Mr.,Bud,I,Cambell,M,bud.cambell@apple.com,7/8/1971,05:59:08 PM,46.09,9/17/1997,19.87,216-251-4273,Bradner,Wood,Bradner,43406,Midwest,bicambell
832406,Mr.,Jordan,O,Otoole,M,jordan.otoole@exxonmobil.com,2/8/1991,01:46:12 AM,26.48,6/15/2017,0.12,212-677-6115,Nicholville,St. Lawrence,Nicholville,12965,Northeast,jootoole
295298,Hon.,Anibal,L,Honeycutt,M,anibal.honeycutt@gmail.com,11/4/1970,09:48:24 AM,46.76,4/11/1999,18.31,209-497-3485,Los Angeles,Los Angeles,Los Angeles,90082,West,alhoneycutt
907652,Mr.,Rene,Y,Sessoms,M,rene.sessoms@gmail.com,11/16/1987,12:07:22 AM,29.72,7/5/2017,0.06,209-782-5677,Mountain Ranch,Calaveras,Mountain Ranch,95246,West,rysessoms
456388,Ms.,Vernice,A,Sarabia,F,vernice.sarabia@charter.net,4/16/1967,05:25:23 PM,50.32,4/11/2016,1.3,252-215-8092,Fayetteville,Cumberland,Fayetteville,28303,South,vasarabia
708345,Mr.,Deshawn,M,Blanchard,M,deshawn.blanchard@aol.com,9/7/1990,09:22:29 AM,26.91,6/18/2016,1.11,201-433-0513,Summit,Union,Summit,7901,Northeast,dmblanchard
313530,Mr.,Chad,U,Beebe,M,chad.beebe@gmail.com,1/16/1994,12:19:32 AM,23.55,11/5/2016,0.73,240-689-7887,Linkwood,Dorchester,Linkwood,21835,South,cubeebe
359249,Mr.,Olin,V,Warnke,M,olin.warnke@aol.com,11/6/1971,08:44:35 AM,45.76,1/11/1996,21.56,339-440-3614,Watertown,Middlesex,Watertown,2471,Northeast,ovwarnke
249381,Prof.,Ahmad,X,Simonson,M,ahmad.simonson@gmail.com,3/8/1982,01:09:01 PM,35.41,8/19/2016,0.94,229-761-5316,Marietta,Cobb,Marietta,30006,South,axsimonson
886005,Mr.,Shaun,J,Villareal,M,shaun.villareal@hotmail.co.uk,12/24/1958,06:15:41 PM,58.63,4/25/1994,23.27,218-889-3129,Taylors Falls,Chisago,Taylors Falls,55084,Midwest,sjvillareal
443962,Mrs.,Lynsey,O,Perrine,F,lynsey.perrine@gmail.com,10/5/1970,05:03:27 PM,46.84,2/4/2009,8.48,701-881-0480,Milton,Cavalier,Milton,58260,Midwest,loperrine
866609,Mr.,Gabriel,F,Hoekstra,M,gabriel.hoekstra@gmail.com,2/23/1977,09:09:14 PM,40.45,1/23/2002,15.52,202-905-7365,Washington,District of Columbia,Washington,20507,South,gfhoekstra
698005,Prof.,Jeremy,W,Mccay,M,jeremy.mccay@sbcglobal.net,11/16/1975,03:33:35 PM,41.73,5/15/2012,5.21,215-456-6138,Acme,Westmoreland,Acme,15610,Northeast,jwmccay
961360,Ms.,Hattie,M,Ferrer,F,hattie.ferrer@gmail.com,10/12/1961,10:48:58 AM,55.83,1/23/1987,30.53,262-392-9784,Madison,Dane,Madison,53792,Midwest,hmferrer
620892,Mr.,Louis,S,Mccusker,M,louis.mccusker@microsoft.com,6/3/1986,04:32:52 PM,31.17,4/4/2008,9.32,239-401-2706,Kissimmee,Osceola,Kissimmee,34747,South,lsmccusker
237946,Prof.,Garfield,P,Cagle,M,garfield.cagle@gmail.com,2/19/1993,08:13:43 PM,24.45,12/15/2015,1.62,207-988-4004,Lagrange,Penobscot,Lagrange,4453,Northeast,gpcagle
433171,Hon.,Freddy,M,Wilkinson,M,freddy.wilkinson@hotmail.com,7/19/1969,11:03:30 PM,48.06,10/8/1997,19.82,314-290-3255,Rea,Andrew,Rea,64480,Midwest,fmwilkinson
430558,Mr.,Omar,R,Borrego,M,omar.borrego@gmail.com,11/5/1994,03:05:44 AM,22.74,5/3/2017,0.24,236-814-8798,Berryville,Clarke,Berryville,22611,South,orborrego
189210,Mr.,Joshua,C,Guyette,M,joshua.guyette@gmail.com,11/9/1963,10:57:18 AM,53.75,8/29/1997,19.93,209-603-8512,Grimes,Colusa,Grimes,95950,West,jcguyette
716368,Ms.,Jada,S,Labrecque,F,jada.labrecque@hotmail.com,11/11/1987,04:01:41 AM,29.73,6/28/2009,8.09,205-724-3099,Montgomery,Montgomery,Montgomery,36104,South,jslabrecque
781106,Drs.,Rosita,N,Stahl,F,rosita.stahl@hotmail.com,6/5/1987,06:19:30 PM,30.17,7/27/2009,8.01,207-880-1862,Addison,Washington,Addison,4606,Northeast,rnstahl
481587,Hon.,Alyssa,P,Dominquez,F,alyssa.dominquez@aol.com,5/28/1964,03:03:26 PM,53.2,9/20/1995,21.87,206-553-0992,Tacoma,Pierce,Tacoma,98433,West,apdominquez
529395,Mr.,Zachery,K,Aho,M,zachery.aho@hotmail.com,8/2/1994,05:34:12 AM,23,9/2/2015,1.9,215-466-4344,Philadelphia,Philadelphia,Philadelphia,19116,Northeast,zkaho
215994,Mr.,Booker,U,Duren,M,booker.duren@gmail.com,7/8/1966,12:53:03 AM,51.09,7/12/2015,2.05,304-271-6720,Sutton,Braxton,Sutton,26601,South,buduren
943905,Drs.,Lavonne,K,Loney,F,lavonne.loney@gmail.com,5/5/1959,10:37:22 AM,58.27,9/30/1988,28.84,701-266-9654,Mantador,Richland,Mantador,58058,Midwest,lkloney
674831,Mrs.,Tiffany,V,Owensby,F,tiffany.owensby@hotmail.com,6/29/1979,09:16:52 AM,38.11,10/6/2010,6.81,218-930-9684,Lonsdale,Rice,Lonsdale,55046,Midwest,tvowensby
793630,Mrs.,Aurora,K,Mcwhirter,F,aurora.mcwhirter@ibm.com,7/21/1968,10:12:17 AM,49.05,5/29/1990,27.18,907-692-9145,Nulato,Yukon-Koyukuk (CA),Nulato,99765,West,akmcwhirter
669168,Mrs.,Meri,X,Wozniak,F,meri.wozniak@gmail.com,12/8/1990,12:37:22 PM,26.65,9/13/2016,0.87,339-315-9439,Halifax,Plymouth,Halifax,2338,Northeast,mxwozniak
513418,Mr.,Dan,Z,Woodley,M,dan.woodley@gmail.com,1/28/1974,02:35:58 PM,43.53,4/23/2000,17.27,339-414-6826,Blandford,Hampden,Blandford,1008,Northeast,dzwoodley
290293,Drs.,Jalisa,N,Hogue,F,jalisa.hogue@gmail.com,8/28/1981,09:43:30 PM,35.94,3/2/2013,4.41,702-593-0698,Las Vegas,Clark,Las Vegas,89177,West,jnhogue
975239,Hon.,Martin,J,Arias,M,martin.arias@hotmail.com,5/15/1983,06:04:08 AM,34.23,8/4/2008,8.99,316-510-4363,Lincolnville,Marion,Lincolnville,66858,Midwest,mjarias
595911,Mr.,Fermin,O,Rotz,M,fermin.rotz@gmail.com,3/22/1965,11:00:18 AM,52.39,1/23/2008,9.52,236-466-8326,Reva,Culpeper,Reva,22735,South,forotz
429587,Mr.,Omar,U,Jump,M,omar.jump@gmail.com,1/14/1987,09:04:25 AM,30.56,10/13/2008,8.79,212-616-6075,Bainbridge,Chenango,Bainbridge,13733,Northeast,oujump
785926,Ms.,Aletha,Y,Chapman,F,aletha.chapman@walmart.com,5/9/1959,03:56:12 PM,58.26,1/27/1981,36.52,215-615-2351,Equinunk,Wayne,Equinunk,18417,Northeast,aychapman
755919,Drs.,Renae,S,Mcknight,F,renae.mcknight@yahoo.com,1/16/1974,10:45:06 PM,43.56,7/16/2004,13.04,405-675-3941,Oklahoma City,Oklahoma,Oklahoma City,73178,South,rsmcknight
340026,Prof.,Bud,R,Prior,M,bud.prior@charter.net,1/14/1967,05:27:26 AM,50.57,3/20/1988,29.38,314-958-2952,Queen City,Schuyler,Queen City,63561,Midwest,brprior
605444,Ms.,Linda,F,Velasquez,F,linda.velasquez@hotmail.com,8/29/1995,07:19:37 AM,21.93,1/27/2017,0.5,201-788-2595,Mount Holly,Burlington,Mount Holly,8060,Northeast,lfvelasquez
478190,Mr.,Giuseppe,V,Wayland,M,giuseppe.wayland@bp.com,5/28/1967,10:20:08 PM,50.2,7/3/2012,5.07,210-892-5465,Rio Grande City,Starr,Rio Grande City,78582,South,gvwayland
352954,Mr.,Major,D,Hopper,M,major.hopper@bp.com,4/28/1966,12:36:23 PM,51.28,2/10/2013,4.46,209-764-4325,Fairfax,Marin,Fairfax,94930,West,mdhopper
416326,Mr.,Garry,Q,Lovelace,M,garry.lovelace@aol.com,4/10/1994,04:06:20 PM,23.32,4/9/2016,1.3,216-251-5384,Groveport,Franklin,Groveport,43125,Midwest,gqlovelace
441000,Ms.,Fransisca,B,Deltoro,F,fransisca.deltoro@aol.com,12/4/1980,05:27:57 PM,36.67,5/12/2007,10.22,304-570-4080,Left Hand,Roane,Left Hand,25251,South,fbdeltoro
111498,Mrs.,Wan,H,Dickman,F,wan.dickman@walmart.com,8/11/1990,10:51:55 AM,26.98,5/6/2016,1.23,319-247-3360,Mount Auburn,Benton,Mount Auburn,52313,Midwest,whdickman
699775,Mrs.,Gwenn,P,Guyton,F,gwenn.guyton@btinternet.com,4/5/1979,09:12:22 PM,38.34,6/12/2011,6.13,252-781-4461,Wallburg,Davidson,Wallburg,27373,South,gpguyton
968960,Drs.,Violette,S,Dennard,F,violette.dennard@exxonmobil.com,7/11/1984,12:59:54 AM,33.07,1/23/2009,8.52,303-529-0196,Gunnison,Gunnison,Gunnison,81231,West,vsdennard
448244,Mr.,Francis,P,Crochet,M,francis.crochet@aol.com,11/7/1965,05:04:18 AM,51.76,1/12/2001,16.55,252-228-0728,Selma,Johnston,Selma,27576,South,fpcrochet
649879,Dr.,Norman,Q,Gentry,M,norman.gentry@shaw.ca,3/20/1963,01:48:05 PM,54.39,5/30/2000,17.17,252-727-1856,Beulaville,Duplin,Beulaville,28518,South,nqgentry
293182,Ms.,Kiersten,Y,Corbitt,F,kiersten.corbitt@yahoo.com,9/27/1966,12:14:18 AM,50.87,3/6/2013,4.4,209-854-5794,Forest Ranch,Butte,Forest Ranch,95942,West,kycorbitt
563088,Mr.,Edgardo,S,Almonte,M,edgardo.almonte@gmail.com,6/28/1990,12:30:47 AM,27.1,8/5/2011,5.98,216-604-4456,Port William,Clinton,Port William,45164,Midwest,esalmonte